day,value
Monday,7340.29794521
Tuesday,7642.25
Wednesday,7778.92465753
Thursday,7638.68150685
Friday,8960.53082192
Saturday,6742.58561644
Sunday,4531.09246575